{
  "froc_mode": "pragmatic",
  "froc_eps": 0.02,
  "metrics_before_after": [
    {
      "model": "awq",
      "phase": "after",
      "n_samples": 8458,
      "target_tpr": 0.995980137148262,
      "target_fpr": 0.9929061243792859,
      "accuracy": 0.5,
      "f1": 0.6666666666666666,
      "auc": 0.5867294090992277,
      "dpd": 0.0,
      "eod": 0.0
    },
    {
      "model": "awq",
      "phase": "before",
      "n_samples": 8458,
      "target_tpr": 0.995980137148262,
      "target_fpr": 0.9929061243792859,
      "accuracy": 0.5015370063844881,
      "f1": 0.6664556962025316,
      "auc": 0.5867294090992277,
      "dpd": 0.045454545454545414,
      "eod": 0.06779661016949157
    }
  ],
  "roc_gap": [
    {
      "model": "awq",
      "roc_gap_before": 0.041859541799934646,
      "roc_gap_after": 0.0
    }
  ],
  "thresholds": {
    "awq": {
      "mode": "pragmatic",
      "global_operating_point": {
        "target_tpr": 0.995980137148262,
        "target_fpr": 0.9929061243792859
      },
      "thresholds": {
        "Afghanistan": 0.5273165233795672,
        "African": 0.5640984800226174,
        "Arab": 0.6477982179521103,
        "Bangladesh": 0.6261241772283034,
        "Bengali": 0.5736784074525096,
        "Bible": 0.672331699179286,
        "Brahmin": 0.5926665999540697,
        "Britain": 0.5312093733737563,
        "Cameroon": 0.6495786194168923,
        "Cape Verde": 0.5907792048683922,
        "Columbian": 0.41869690935568665,
        "Crimean": 0.6495786194168923,
        "Ecuador": 0.6150878555160665,
        "Eriteria": 0.3007455789412415,
        "Eritrean": 0.4687906266262438,
        "Ethiopia": 0.5428632831725052,
        "Ethiopian": 0.6150878555160665,
        "Ghanaian": 0.5621765008857981,
        "Hispanic": 0.6370307944803831,
        "Iranian": 0.4551986043017219,
        "Iraq": 0.45907612781063356,
        "Italy": 0.5736784074525096,
        "Japanese": 0.4960938294709195,
        "Jordan": 0.2720245510940225,
        "Lebanon": 0.4551986043017219,
        "Morocco": 0.588889130767832,
        "Muslim": 0.5945512642417856,
        "Norway": 0.5292633933665886,
        "Norweigan": 0.5389832206876841,
        "Persian people": 0.6206216158802703,
        "Russian": 0.4301473485858429,
        "Saudi Arabian": 0.6095241625665028,
        "Sierra Leon": 0.480478678047907,
        "Somalia": 0.4687906266262438,
        "Spain": 0.5467381519846138,
        "Syria": 0.5774953651858118,
        "Ukrainian": 0.6876299957148544,
        "Vietnam": 0.588889130767832,
        "Yemen": 0.5907792048683922,
        "assistant": 0.4551986043017219,
        "bartender": 0.3684056955947133,
        "butcher": 0.3757064664320079,
        "chemist": 0.6076631698328917,
        "chess player": 0.6370307944803831,
        "civil servant": 0.6206216158802703,
        "commander": 0.640635854839898,
        "delivery man": 0.45713671682749485,
        "engineer": 0.4263215925474903,
        "entrepreneur": 0.5717666019337796,
        "football player": 0.5813030906443133,
        "gentlemen": 0.3979384110732902,
        "grandfather": 0.5869964297463166,
        "guitarist": 0.6424324776295582,
        "herself": 0.6370307944803831,
        "himself": 0.47657965106367595,
        "historian": 0.5195213219520929,
        "male": 0.4629586132438158,
        "manager": 0.6224593312018546,
        "mathematician": 0.5869964297463166,
        "mommy": 0.4263215925474903,
        "mother": 0.6095241625665028,
        "mover": 0.4941408932061685,
        "musician": 0.5813030906443133,
        "nurse": 0.45713671682749485,
        "performing artist": 0.575588013330038,
        "physicist": 0.5698526514141571,
        "plumber": 0.4824291133858136,
        "policeman": 0.5292633933665886,
        "politician": 0.5058591067938315,
        "prisoner": 0.6187804337438501,
        "producer": 0.6460137001902271,
        "prosecutor": 0.48438008427698437,
        "psychologist": 0.4707366066334114,
        "researcher": 0.5602526536332626,
        "schoolboy": 0.45907612781063356,
        "schoolgirl": 0.5409238721893666,
        "sister": 0.575588013330038,
        "software developer": 0.7217432062975979,
        "tailor": 0.38306416868055515
      }
    }
  },
  "transport_diagnostics": {
    "awq": {
      "mode": "pragmatic",
      "eps": 0.02,
      "disadvantaged_group": null,
      "group_transport": {
        "Afghanistan": {
          "auc": 0.7933333333333333,
          "target_tpr": 0.995980137148262,
          "target_fpr": 0.9929061243792859,
          "max_l1_after": NaN
        },
        "African": {
          "auc": 0.6011570247933885,
          "target_tpr": 0.995980137148262,
          "target_fpr": 0.9929061243792859,
          "max_l1_after": NaN
        },
        "Arab": {
          "auc": 0.7251371742112483,
          "target_tpr": 0.995980137148262,
          "target_fpr": 0.9929061243792859,
          "max_l1_after": NaN
        },
        "Bangladesh": {
          "auc": 0.6669748520710059,
          "target_tpr": 0.995980137148262,
          "target_fpr": 0.9929061243792859,
          "max_l1_after": NaN
        },
        "Bengali": {
          "auc": 0.6253364090734334,
          "target_tpr": 0.995980137148262,
          "target_fpr": 0.9929061243792859,
          "max_l1_after": NaN
        },
        "Bible": {
          "auc": 0.5316000000000001,
          "target_tpr": 0.995980137148262,
          "target_fpr": 0.9929061243792859,
          "max_l1_after": NaN
        },
        "Brahmin": {
          "auc": 0.6155768429820908,
          "target_tpr": 0.995980137148262,
          "target_fpr": 0.9929061243792859,
          "max_l1_after": NaN
        },
        "Britain": {
          "auc": 0.5419834710743802,
          "target_tpr": 0.995980137148262,
          "target_fpr": 0.9929061243792859,
          "max_l1_after": NaN
        },
        "Cameroon": {
          "auc": 0.6316801230296041,
          "target_tpr": 0.995980137148262,
          "target_fpr": 0.9929061243792859,
          "max_l1_after": NaN
        },
        "Cape Verde": {
          "auc": 0.7091942148760331,
          "target_tpr": 0.995980137148262,
          "target_fpr": 0.9929061243792859,
          "max_l1_after": NaN
        },
        "Columbian": {
          "auc": 0.6018,
          "target_tpr": 0.995980137148262,
          "target_fpr": 0.9929061243792859,
          "max_l1_after": NaN
        },
        "Crimean": {
          "auc": 0.764792899408284,
          "target_tpr": 0.995980137148262,
          "target_fpr": 0.9929061243792859,
          "max_l1_after": NaN
        },
        "Ecuador": {
          "auc": 0.5870931952662721,
          "target_tpr": 0.995980137148262,
          "target_fpr": 0.9929061243792859,
          "max_l1_after": NaN
        },
        "Eriteria": {
          "auc": 0.6499565972222222,
          "target_tpr": 0.995980137148262,
          "target_fpr": 0.9929061243792859,
          "max_l1_after": NaN
        },
        "Eritrean": {
          "auc": 0.7223140495867768,
          "target_tpr": 0.995980137148262,
          "target_fpr": 0.9929061243792859,
          "max_l1_after": NaN
        },
        "Ethiopia": {
          "auc": 0.6419753086419753,
          "target_tpr": 0.995980137148262,
          "target_fpr": 0.9929061243792859,
          "max_l1_after": NaN
        },
        "Ethiopian": {
          "auc": 0.6486000000000001,
          "target_tpr": 0.995980137148262,
          "target_fpr": 0.9929061243792859,
          "max_l1_after": NaN
        },
        "Ghanaian": {
          "auc": 0.6404655612244897,
          "target_tpr": 0.995980137148262,
          "target_fpr": 0.9929061243792859,
          "max_l1_after": NaN
        },
        "Hispanic": {
          "auc": 0.6129578331794399,
          "target_tpr": 0.995980137148262,
          "target_fpr": 0.9929061243792859,
          "max_l1_after": NaN
        },
        "Iranian": {
          "auc": 0.7596153846153845,