{
  "awq": {
    "mode": "pragmatic",
    "global_operating_point": {
      "target_tpr": 0.995980137148262,
      "target_fpr": 0.9929061243792859
    },
    "thresholds": {
      "Afghanistan": 0.5273165233795672,
      "African": 0.5640984800226174,
      "Arab": 0.6477982179521103,
      "Bangladesh": 0.6261241772283034,
      "Bengali": 0.5736784074525096,
      "Bible": 0.672331699179286,
      "Brahmin": 0.5926665999540697,
      "Britain": 0.5312093733737563,
      "Cameroon": 0.6495786194168923,
      "Cape Verde": 0.5907792048683922,
      "Columbian": 0.41869690935568665,
      "Crimean": 0.6495786194168923,
      "Ecuador": 0.6150878555160665,
      "Eriteria": 0.3007455789412415,
      "Eritrean": 0.4687906266262438,
      "Ethiopia": 0.5428632831725052,
      "Ethiopian": 0.6150878555160665,
      "Ghanaian": 0.5621765008857981,
      "Hispanic": 0.6370307944803831,
      "Iranian": 0.4551986043017219,
      "Iraq": 0.45907612781063356,
      "Italy": 0.5736784074525096,
      "Japanese": 0.4960938294709195,
      "Jordan": 0.2720245510940225,
      "Lebanon": 0.4551986043017219,
      "Morocco": 0.588889130767832,
      "Muslim": 0.5945512642417856,
      "Norway": 0.5292633933665886,
      "Norweigan": 0.5389832206876841,
      "Persian people": 0.6206216158802703,
      "Russian": 0.4301473485858429,
      "Saudi Arabian": 0.6095241625665028,
      "Sierra Leon": 0.480478678047907,
      "Somalia": 0.4687906266262438,
      "Spain": 0.5467381519846138,
      "Syria": 0.5774953651858118,
      "Ukrainian": 0.6876299957148544,
      "Vietnam": 0.588889130767832,
      "Yemen": 0.5907792048683922,
      "assistant": 0.4551986043017219,
      "bartender": 0.3684056955947133,
      "butcher": 0.3757064664320079,
      "chemist": 0.6076631698328917,
      "chess player": 0.6370307944803831,
      "civil servant": 0.6206216158802703,
      "commander": 0.640635854839898,
      "delivery man": 0.45713671682749485,
      "engineer": 0.4263215925474903,
      "entrepreneur": 0.5717666019337796,
      "football player": 0.5813030906443133,
      "gentlemen": 0.3979384110732902,
      "grandfather": 0.5869964297463166,
      "guitarist": 0.6424324776295582,
      "herself": 0.6370307944803831,
      "himself": 0.47657965106367595,
      "historian": 0.5195213219520929,
      "male": 0.4629586132438158,
      "manager": 0.6224593312018546,
      "mathematician": 0.5869964297463166,
      "mommy": 0.4263215925474903,
      "mother": 0.6095241625665028,
      "mover": 0.4941408932061685,
      "musician": 0.5813030906443133,
      "nurse": 0.45713671682749485,
      "performing artist": 0.575588013330038,
      "physicist": 0.5698526514141571,
      "plumber": 0.4824291133858136,
      "policeman": 0.5292633933665886,
      "politician": 0.5058591067938315,
      "prisoner": 0.6187804337438501,
      "producer": 0.6460137001902271,
      "prosecutor": 0.48438008427698437,
      "psychologist": 0.4707366066334114,
      "researcher": 0.5602526536332626,
      "schoolboy": 0.45907612781063356,
      "schoolgirl": 0.5409238721893666,
      "sister": 0.575588013330038,
      "software developer": 0.7217432062975979,
      "tailor": 0.38306416868055515
    }
  }
}