{
    "historical_bias": 27.27272727272727,
    "population_bias": 2.8824365326266417,
    "acc_pro": 87.37373737373737,
    "acc_anti": 60.1010101010101,
    "acc_male": 75.25252525252525,
    "acc_female": 72.3700887198986
}