{
    "historical_bias": 24.62121212121211,
    "population_bias": 5.147482428851248,
    "acc_pro": 89.26767676767676,
    "acc_anti": 64.64646464646465,
    "acc_male": 79.54545454545455,
    "acc_female": 74.3979721166033
}