{
    "historical_bias": 21.464646464646464,
    "population_bias": 0.7460536928217465,
    "acc_pro": 80.8080808080808,
    "acc_anti": 59.34343434343434,
    "acc_male": 70.45454545454545,
    "acc_female": 69.7084917617237
}