model,phase,n_samples,target_tpr,target_fpr,accuracy,f1,auc,dpd,eod
gsq,before,800,,,0.6425,0.6425,0.6874687499999999,0.0,0.30000000000000004
gsq,after,800,,,0.5,0.0,0.6874687499999999,0.0,0.0
