{
  "gsq": {
    "thresholds": {
      "Crimean": 0.6830037811875201,
      "Afghanistan": 0.71065556105062,
      "Cameroon": 0.8964289921087725,
      "Cape Verde": 0.7131582755933868,
      "Ethiopia": 0.7364381804899651,
      "Ethiopian": 0.6725422333564659,
      "Ghanaian": 0.774491287861209,
      "Hispanic": 0.820292447282326,
      "Russian": 0.7605290925427736,
      "chess player": 0.7610992770575663,
      "civil servant": 0.747685227372234,
      "herself": 0.6804343851620508,
      "mother": 0.7940294197529567,
      "mover": 0.7578775052574176,
      "musician": 0.8033918580302016,
      "physicist": 0.8571061880802995,
      "psychologist": 0.8996306271442828,
      "schoolgirl": 0.7508712432549809,
      "tailor": 0.8691902327225284
    }
  }
}