{
  "awq": {
    "mode": "strict",
    "global_operating_point": {
      "target_tpr": 0.995980137148262,
      "target_fpr": 0.9929061243792859
    },
    "thresholds": {
      "Afghanistan": 0.5926665999540697,
      "African": 0.7041601384435928,
      "Arab": 0.6477982179521103,
      "Bangladesh": 0.713830756042477,
      "Bengali": 0.7025300573952054,
      "Bible": 0.7772998611746911,
      "Brahmin": 0.6150878555160665,
      "Britain": 0.6943026711575786,
      "Cameroon": 0.780662495082397,
      "Cape Verde": 0.712232184238947,
      "Columbian": 0.6076631698328917,
      "Crimean": 0.6495786194168923,
      "Ecuador": 0.6774740169356273,
      "Eriteria": 0.4707366066334114,
      "Eritrean": 0.4687906266262438,
      "Ethiopia": 0.6442251064863697,
      "Ethiopian": 0.6774740169356273,
      "Ghanaian": 0.689305616785446,
      "Hispanic": 0.7505527565366589,
      "Iranian": 0.4551986043017219,
      "Iraq": 0.45907612781063356,
      "Italy": 0.6976089173220981,
      "Japanese": 0.7386690743254897,
      "Jordan": 0.6020615889267098,
      "Lebanon": 0.670608279935473,
      "Morocco": 0.6460137001902271,
      "Muslim": 0.7446563401437933,
      "Norway": 0.6671476749870737,
      "Norweigan": 0.6495786194168923,
      "Persian people": 0.6774740169356273,
      "Russian": 0.4301473485858429,
      "Saudi Arabian": 0.7577943712746406,
      "Sierra Leon": 0.480478678047907,
      "Somalia": 0.4687906266262438,
      "Spain": 0.7074047009882609,
      "Syria": 0.5774953651858118,
      "Ukrainian": 0.713830756042477,
      "Vietnam": 0.588889130767832,
      "Yemen": 0.5907792048683922,
      "assistant": 0.785308580887758,
      "bartender": 0.7008948097542927,
      "butcher": 0.6495786194168923,
      "chemist": 0.7074047009882609,
      "chess player": 0.7592254042296177,
      "civil servant": 0.7956581000631541,
      "commander": 0.7592254042296177,
      "delivery man": 0.6297746074044134,
      "engineer": 0.6671476749870737,
      "entrepreneur": 0.7892336936802291,
      "football player": 0.7057850278370112,
      "gentlemen": 0.7185943925708561,
      "grandfather": 0.7549149868676283,
      "guitarist": 0.785308580887758,
      "herself": 0.7690802370707283,
      "himself": 0.7549149868676283,
      "historian": 0.8031737963569016,
      "male": 0.7295197779697509,
      "manager": 0.640635854839898,
      "mathematician": 0.8031737963569016,
      "mommy": 0.7401743620390163,
      "mother": 0.7325918338117745,
      "mover": 0.7041601384435928,
      "musician": 0.7106283025898368,
      "nurse": 0.7431680086124811,
      "performing artist": 0.7295197779697509,
      "physicist": 0.7592254042296177,
      "plumber": 0.7386690743254897,
      "policeman": 0.5428632831725052,
      "politician": 0.5058591067938315,
      "prisoner": 0.6636689470737326,
      "producer": 0.8056321889812553,
      "prosecutor": 0.6740504840647448,
      "psychologist": 0.7879311956428947,
      "researcher": 0.7431680086124811,
      "schoolboy": 0.6206216158802703,
      "schoolgirl": 0.7025300573952054,
      "sister": 0.7839884653055251,
      "software developer": 0.7839884653055251,
      "tailor": 0.6636689470737326
    }
  }
}