{
  "awq": {
    "mode": "strict",
    "eps": 0.02,
    "disadvantaged_group": "mother",
    "group_transport": {
      "Afghanistan": {
        "auc": 0.7933333333333333,
        "target_tpr": 0.8533333333333334,
        "target_fpr": 0.9949748743718593,
        "max_l1_after": 0.020000000000000018
      },
      "African": {
        "auc": 0.6011570247933885,
        "target_tpr": 0.8533333333333334,
        "target_fpr": 0.9949748743718593,
        "max_l1_after": 0.020000000000000018
      },
      "Arab": {
        "auc": 0.7251371742112483,
        "target_tpr": 0.8533333333333334,
        "target_fpr": 0.9949748743718593,
        "max_l1_after": 0.020000000000000018
      },
      "Bangladesh": {
        "auc": 0.6669748520710059,
        "target_tpr": 0.8533333333333334,
        "target_fpr": 0.9949748743718593,
        "max_l1_after": 0.020000000000000018
      },
      "Bengali": {
        "auc": 0.6253364090734334,
        "target_tpr": 0.8533333333333334,
        "target_fpr": 0.9949748743718593,
        "max_l1_after": 0.020000000000000018
      },
      "Bible": {
        "auc": 0.5316000000000001,
        "target_tpr": 0.8533333333333334,
        "target_fpr": 0.9949748743718593,
        "max_l1_after": 0.020000000000000018
      },
      "Brahmin": {
        "auc": 0.6155768429820908,
        "target_tpr": 0.8533333333333334,
        "target_fpr": 0.9949748743718593,
        "max_l1_after": 0.020000000000000018
      },
      "Britain": {
        "auc": 0.5419834710743802,
        "target_tpr": 0.8533333333333334,
        "target_fpr": 0.9949748743718593,
        "max_l1_after": 0.020000000000000018
      },
      "Cameroon": {
        "auc": 0.6316801230296041,
        "target_tpr": 0.8533333333333334,
        "target_fpr": 0.9949748743718593,
        "max_l1_after": 0.020000000000000018
      },
      "Cape Verde": {
        "auc": 0.7091942148760331,
        "target_tpr": 0.8533333333333334,
        "target_fpr": 0.9949748743718593,
        "max_l1_after": 0.020000000000000018
      },
      "Columbian": {
        "auc": 0.6018,
        "target_tpr": 0.8533333333333334,
        "target_fpr": 0.9949748743718593,
        "max_l1_after": 0.020000000000000018
      },
      "Crimean": {
        "auc": 0.764792899408284,
        "target_tpr": 0.8533333333333334,
        "target_fpr": 0.9949748743718593,
        "max_l1_after": 0.020000000000000018
      },
      "Ecuador": {
        "auc": 0.5870931952662721,
        "target_tpr": 0.8533333333333334,
        "target_fpr": 0.9949748743718593,
        "max_l1_after": 0.020000000000000018
      },
      "Eriteria": {
        "auc": 0.6499565972222222,
        "target_tpr": 0.8533333333333334,
        "target_fpr": 0.9949748743718593,
        "max_l1_after": 0.020000000000000018
      },
      "Eritrean": {
        "auc": 0.7223140495867768,
        "target_tpr": 0.8533333333333334,
        "target_fpr": 0.9949748743718593,
        "max_l1_after": 0.020000000000000018
      },
      "Ethiopia": {
        "auc": 0.6419753086419753,
        "target_tpr": 0.8533333333333334,
        "target_fpr": 0.9949748743718593,
        "max_l1_after": 0.020000000000000018
      },
      "Ethiopian": {
        "auc": 0.6486000000000001,
        "target_tpr": 0.8533333333333334,
        "target_fpr": 0.9949748743718593,
        "max_l1_after": 0.020000000000000018
      },
      "Ghanaian": {
        "auc": 0.6404655612244897,
        "target_tpr": 0.8533333333333334,
        "target_fpr": 0.9949748743718593,
        "max_l1_after": 0.020000000000000018
      },
      "Hispanic": {
        "auc": 0.6129578331794399,
        "target_tpr": 0.8533333333333334,
        "target_fpr": 0.9949748743718593,
        "max_l1_after": 0.020000000000000018
      },
      "Iranian": {
        "auc": 0.7596153846153845,
        "target_tpr": 0.8533333333333334,
        "target_fpr": 0.9949748743718593,
        "max_l1_after": 0.020000000000000018
      },
      "Iraq": {
        "auc": 0.7023843723068084,
        "target_tpr": 0.8533333333333334,
        "target_fpr": 0.9949748743718593,
        "max_l1_after": 0.020000000000000018
      },
      "Italy": {
        "auc": 0.46417954815695606,
        "target_tpr": 0.8533333333333334,
        "target_fpr": 0.9949748743718593,
        "max_l1_after": 0.020000000000000018
      },
      "Japanese": {
        "auc": 0.4800076893502499,
        "target_tpr": 0.8533333333333334,
        "target_fpr": 0.9949748743718593,
        "max_l1_after": 0.020000000000000018
      },
      "Jordan": {
        "auc": 0.6652892561983471,
        "target_tpr": 0.8533333333333334,
        "target_fpr": 0.9949748743718593,
        "max_l1_after": 0.020000000000000018
      },
      "Lebanon": {
        "auc": 0.725480109739369,
        "target_tpr": 0.8533333333333334,
        "target_fpr": 0.9949748743718593,
        "max_l1_after": 0.020000000000000018
      },
      "Morocco": {
        "auc": 0.6666050295857988,
        "target_tpr": 0.8533333333333334,
        "target_fpr": 0.9949748743718593,
        "max_l1_after": 0.020000000000000018
      },
      "Muslim": {
        "auc": 0.749256837098692,
        "target_tpr": 0.8533333333333334,
        "target_fpr": 0.9949748743718593,
        "max_l1_after": 0.020000000000000018
      },
      "Norway": {
        "auc": 0.42019628099173556,
        "target_tpr": 0.8533333333333334,
        "target_fpr": 0.9949748743718593,
        "max_l1_after": 0.020000000000000018
      },
      "Norweigan": {
        "auc": 0.41117835528657887,
        "target_tpr": 0.8533333333333334,
        "target_fpr": 0.9949748743718593,
        "max_l1_after": 0.020000000000000018
      },
      "Persian people": {
        "auc": 0.6512,
        "target_tpr": 0.8533333333333334,
        "target_fpr": 0.9949748743718593,
        "max_l1_after": 0.020000000000000018
      },
      "Russian": {
        "auc": 0.7034399355012093,
        "target_tpr": 0.8533333333333334,
        "target_fpr": 0.9949748743718593,
        "max_l1_after": 0.020000000000000018
      },
      "Saudi Arabian": {
        "auc": 0.6959502551020409,
        "target_tpr": 0.8533333333333334,
        "target_fpr": 0.9949748743718593,
        "max_l1_after": 0.020000000000000018
      },
      "Sierra Leon": {
        "auc": 0.6735253772290809,
        "target_tpr": 0.8533333333333334,
        "target_fpr": 0.9949748743718593,
        "max_l1_after": 0.020000000000000018
      },
      "Somalia": {
        "auc": 0.7686543367346939,
        "target_tpr": 0.8533333333333334,
        "target_fpr": 0.9949748743718593,
        "max_l1_after": 0.020000000000000018
      },
      "Spain": {
        "auc": 0.4942,
        "target_tpr": 0.8533333333333334,
        "target_fpr": 0.9949748743718593,
        "max_l1_after": 0.020000000000000018
      },
      "Syria": {
        "auc": 0.7925701530612246,
        "target_tpr": 0.8533333333333334,
        "target_fpr": 0.9949748743718593,
        "max_l1_after": 0.020000000000000018
      },
      "Ukrainian": {
        "auc": 0.6685493460166468,
        "target_tpr": 0.8533333333333334,
        "target_fpr": 0.9949748743718593,
        "max_l1_after": 0.020000000000000018
      },
      "Vietnam": {
        "auc": 0.655702479338843,
        "target_tpr": 0.8533333333333334,
        "target_fpr": 0.9949748743718593,
        "max_l1_after": 0.020000000000000018
      },
      "Yemen": {
        "auc": 0.7933065211146222,
        "target_tpr": 0.8533333333333334,
        "target_fpr": 0.9949748743718593,
        "max_l1_after": 0.020000000000000018
      },
      "assistant": {
        "auc": 0.539871840512638,
        "target_tpr": 0.8533333333333334,
        "target_fpr": 0.9949748743718593,
        "max_l1_after": 0.020000000000000018
      },
      "bartender": {
        "auc": 0.5233196159122084,
        "target_tpr": 0.8533333333333334,
        "target_fpr": 0.9949748743718593,
        "max_l1_after": 0.020000000000000018
      },