{
  "awq": {
    "thresholds": {
      "Crimean": 0.6721688539262546,
      "Afghanistan": 0.6849382053002956,
      "Cameroon": 0.8761861163629197,
      "Cape Verde": 0.7307614690422239,
      "Ethiopia": 0.7219680024190749,
      "Ethiopian": 0.7243175599897054,
      "Ghanaian": 0.7595570052695444,
      "Hispanic": 0.8209439718001869,
      "Russian": 0.7858366201576296,
      "chess player": 0.7475233616119633,
      "civil servant": 0.7607305988171521,
      "herself": 0.6885417472547556,
      "mother": 0.7799851265770551,
      "mover": 0.6658265878335742,
      "musician": 0.8172615596019247,
      "physicist": 0.8751702690135993,
      "psychologist": 0.8919124955142806,
      "schoolgirl": 0.7693488309196378,
      "tailor": 0.861336382659063
    }
  }
}