model,roc_gap_before,roc_gap_after
gsq,0.05042878520534151,0.00030252424080366095
