{
  "gsq": {
    "mode": "strict",
    "eps": 0.02,
    "disadvantaged_group": "mother",
    "group_transport": {
      "Afghanistan": {
        "auc": 0.8452777777777778,
        "target_tpr": 1.0,
        "target_fpr": 0.9698492462311558,
        "max_l1_after": 0.020000000000000018
      },
      "African": {
        "auc": 0.6904132231404959,
        "target_tpr": 1.0,
        "target_fpr": 0.9698492462311558,
        "max_l1_after": 0.020000000000000018
      },
      "Arab": {
        "auc": 0.7522290809327846,
        "target_tpr": 1.0,
        "target_fpr": 0.9698492462311558,
        "max_l1_after": 0.020000000000000018
      },
      "Bangladesh": {
        "auc": 0.7363165680473372,
        "target_tpr": 1.0,
        "target_fpr": 0.9698492462311558,
        "max_l1_after": 0.020000000000000018
      },
      "Bengali": {
        "auc": 0.6370626682045367,
        "target_tpr": 0.9803921568627451,
        "target_fpr": 0.9698492462311558,
        "max_l1_after": 0.020000000000000018
      },
      "Bible": {
        "auc": 0.535,
        "target_tpr": 1.0,
        "target_fpr": 0.9698492462311558,
        "max_l1_after": 0.020000000000000018
      },
      "Brahmin": {
        "auc": 0.5830903790087464,
        "target_tpr": 0.98,
        "target_fpr": 0.9698492462311558,
        "max_l1_after": 0.020000000000000018
      },
      "Britain": {
        "auc": 0.6383471074380165,
        "target_tpr": 1.0,
        "target_fpr": 0.9698492462311558,
        "max_l1_after": 0.020000000000000018
      },
      "Cameroon": {
        "auc": 0.6359092656670511,
        "target_tpr": 1.0,
        "target_fpr": 0.9698492462311558,
        "max_l1_after": 0.020000000000000018
      },
      "Cape Verde": {
        "auc": 0.756198347107438,
        "target_tpr": 1.0,
        "target_fpr": 0.9698492462311558,
        "max_l1_after": 0.020000000000000018
      },
      "Columbian": {
        "auc": 0.6768,
        "target_tpr": 1.0,
        "target_fpr": 0.9698492462311558,
        "max_l1_after": 0.020000000000000018
      },
      "Crimean": {
        "auc": 0.7525887573964497,
        "target_tpr": 1.0,
        "target_fpr": 0.9698492462311558,
        "max_l1_after": 0.020000000000000018
      },
      "Ecuador": {
        "auc": 0.6431213017751479,
        "target_tpr": 0.9807692307692307,
        "target_fpr": 0.9698492462311558,
        "max_l1_after": 0.020000000000000018
      },
      "Eriteria": {
        "auc": 0.6245659722222222,
        "target_tpr": 1.0,
        "target_fpr": 0.9698492462311558,
        "max_l1_after": 0.020000000000000018
      },
      "Eritrean": {
        "auc": 0.8180165289256199,
        "target_tpr": 1.0,
        "target_fpr": 0.9698492462311558,
        "max_l1_after": 0.020000000000000018
      },
      "Ethiopia": {
        "auc": 0.6228269085411943,
        "target_tpr": 1.0,
        "target_fpr": 0.9698492462311558,
        "max_l1_after": 0.020000000000000018
      },
      "Ethiopian": {
        "auc": 0.6828,
        "target_tpr": 1.0,
        "target_fpr": 0.9698492462311558,
        "max_l1_after": 0.020000000000000018
      },
      "Ghanaian": {
        "auc": 0.7021683673469388,
        "target_tpr": 1.0,
        "target_fpr": 0.9698492462311558,
        "max_l1_after": 0.020000000000000018
      },
      "Hispanic": {
        "auc": 0.6532779316712835,
        "target_tpr": 1.0,
        "target_fpr": 0.9698492462311558,
        "max_l1_after": 0.020000000000000018
      },
      "Iranian": {
        "auc": 0.8284023668639053,
        "target_tpr": 0.9807692307692307,
        "target_fpr": 0.9698492462311558,
        "max_l1_after": 0.020000000000000018
      },
      "Iraq": {
        "auc": 0.7250790002872738,
        "target_tpr": 1.0,
        "target_fpr": 0.9698492462311558,
        "max_l1_after": 0.020000000000000018
      },
      "Italy": {
        "auc": 0.49985136741973846,
        "target_tpr": 1.0,
        "target_fpr": 0.9698492462311558,
        "max_l1_after": 0.020000000000000018
      },
      "Japanese": {
        "auc": 0.5747789311803153,
        "target_tpr": 0.98,
        "target_fpr": 0.9698492462311558,
        "max_l1_after": 0.020000000000000018
      },
      "Jordan": {
        "auc": 0.68,
        "target_tpr": 1.0,
        "target_fpr": 0.9698492462311558,
        "max_l1_after": 0.020000000000000018
      },
      "Lebanon": {
        "auc": 0.7851508916323731,
        "target_tpr": 1.0,
        "target_fpr": 0.9698492462311558,
        "max_l1_after": 0.020000000000000018
      },
      "Morocco": {
        "auc": 0.6991494082840236,
        "target_tpr": 1.0,
        "target_fpr": 0.9698492462311558,
        "max_l1_after": 0.020000000000000018
      },
      "Muslim": {
        "auc": 0.7861177170035671,
        "target_tpr": 0.9827586206896551,
        "target_fpr": 0.9698492462311558,
        "max_l1_after": 0.020000000000000018
      },
      "Norway": {
        "auc": 0.4604855371900826,
        "target_tpr": 0.98,
        "target_fpr": 0.9698492462311558,
        "max_l1_after": 0.020000000000000018
      },
      "Norweigan": {
        "auc": 0.37718049127803494,
        "target_tpr": 0.98,
        "target_fpr": 0.9698492462311558,
        "max_l1_after": 0.020000000000000018
      },
      "Persian people": {
        "auc": 0.7106,
        "target_tpr": 0.98,
        "target_fpr": 0.9698492462311558,
        "max_l1_after": 0.020000000000000018
      },
      "Russian": {
        "auc": 0.8328406342381081,
        "target_tpr": 1.0,
        "target_fpr": 0.9698492462311558,
        "max_l1_after": 0.020000000000000018
      },
      "Saudi Arabian": {
        "auc": 0.7154017857142857,
        "target_tpr": 0.9821428571428571,
        "target_fpr": 0.9698492462311558,
        "max_l1_after": 0.020000000000000018
      },
      "Sierra Leon": {
        "auc": 0.729766803840878,
        "target_tpr": 1.0,
        "target_fpr": 0.9698492462311558,
        "max_l1_after": 0.020000000000000018
      },
      "Somalia": {
        "auc": 0.7971938775510204,
        "target_tpr": 1.0,
        "target_fpr": 0.9698492462311558,
        "max_l1_after": 0.020000000000000018
      },
      "Spain": {
        "auc": 0.5167999999999999,
        "target_tpr": 1.0,
        "target_fpr": 0.9698492462311558,
        "max_l1_after": 0.020000000000000018
      },
      "Syria": {
        "auc": 0.8569834183673469,
        "target_tpr": 1.0,
        "target_fpr": 0.9698492462311558,
        "max_l1_after": 0.020000000000000018
      },
      "Ukrainian": {
        "auc": 0.7149227110582639,
        "target_tpr": 0.9827586206896551,
        "target_fpr": 0.9698492462311558,
        "max_l1_after": 0.020000000000000018
      },
      "Vietnam": {
        "auc": 0.7185123966942148,
        "target_tpr": 1.0,
        "target_fpr": 0.9698492462311558,
        "max_l1_after": 0.020000000000000018
      },
      "Yemen": {
        "auc": 0.8181557023843723,
        "target_tpr": 1.0,
        "target_fpr": 0.9698492462311558,
        "max_l1_after": 0.020000000000000018
      },
      "assistant": {
        "auc": 0.546813812744749,
        "target_tpr": 1.0,
        "target_fpr": 0.9698492462311558,
        "max_l1_after": 0.020000000000000018
      },
      "bartender": {
        "auc": 0.6087105624142661,
        "target_tpr": 0.98,
        "target_fpr": 0.9698492462311558,
        "max_l1_after": 0.020000000000000018
      },
      "butcher": {
        "auc": 0.7140495867768594,
        "target_tpr": 1.0,
        "target_fpr": 0.9698492462311558,
        "max_l1_after": 0.020000000000000018
      },
      "chemist": {
        "auc": 0.4489644970414201,
        "target_tpr": 0.9807692307692307,
        "target_fpr": 0.9698492462311558,
        "max_l1_after": 0.020000000000000018
      },
      "chess player": {
        "auc": 0.49074380165289255,
        "target_tpr": 0.9818181818181818,
        "target_fpr": 0.9698492462311558,
        "max_l1_after": 0.020000000000000018
      },