model,phase,n_samples,target_tpr,target_fpr,accuracy,f1,auc,dpd,eod
gsq,before,13736,0.0,0.0,0.47386429819452536,0.0,0.5200674235414332,0.0,0.0
gsq,after,13736,0.0,0.0,0.47451951077460686,0.0024875621890547263,0.5200674235414332,0.0015912305516265913,0.002904162633107454
