model,roc_gap_before,roc_gap_after
gsq,0.0005486540094067376,1.8837238600538512e-06
