model,phase,n_samples,target_tpr,target_fpr,accuracy,f1,auc,dpd,eod
standard,before,13736,0.0,0.0,0.47721316249271983,0.0,0.5192608768945001,0.0,0.0
standard,after,13736,0.0,0.0,0.4775771694816541,0.0013915947676036739,0.5192608768945001,0.0033333333333333335,0.006666666666666667
