model,roc_gap_before,roc_gap_after
standard,0.0007160974629669063,9.52665816539581e-06
