{
  "standard": {
    "thresholds": {
      "Crimean": 0.6826956333471579,
      "Afghanistan": 0.6789611967006152,
      "Cameroon": 0.871629560407438,
      "Cape Verde": 0.7294913619034581,
      "Ethiopia": 0.7258531548090351,
      "Ethiopian": 0.6987158055418133,
      "Ghanaian": 0.7537025410685899,
      "Hispanic": 0.8114689306532358,
      "Russian": 0.7925247025384083,
      "chess player": 0.7228064576523977,
      "civil servant": 0.7555208411430844,
      "herself": 0.6757896752995601,
      "mother": 0.7793634954164682,
      "mover": 0.6709241924881536,
      "musician": 0.8107738309074962,
      "physicist": 0.8622952145983958,
      "psychologist": 0.9075881840217197,
      "schoolgirl": 0.7713015126409137,
      "tailor": 0.8705339200864122
    }
  }
}