{
    "stereotype_score": 0.654320987654321,
    "cohen_d": 0.14083002319723031,
    "total_samples": 2106
}