{
    "stereotype_score": 0.6652421652421653,
    "cohen_d": 0.17595172933544742,
    "total_samples": 2106
}