{
    "stereotype_score": 0.6619183285849952,
    "cohen_d": 0.17743135782643182,
    "total_samples": 2106
}