model,phase,n_samples,target_tpr,target_fpr,accuracy,f1,auc,dpd,eod
standard,before,13736,0.0,0.0,0.47721316249271983,0.0,0.5192608768945001,0.0,0.0
standard,after,13736,0.0,0.0,0.47721316249271983,0.0,0.5192608768945001,0.0,0.0
