model,phase,n_samples,target_tpr,target_fpr,accuracy,f1,auc,dpd,eod
gsq,before,13736,0.0,0.0,0.47386429819452536,0.0,0.5200674235414332,0.0,0.0
gsq,after,13736,0.0,0.0,0.47386429819452536,0.0,0.5200674235414332,0.0,0.0
