{
  "standard": {
    "mode": "pragmatic",
    "global_operating_point": {
      "target_tpr": 1.0,
      "target_fpr": 1.0
    },
    "thresholds": {
      "Afghanistan": 0.7490872131147275,
      "African": 0.785308580887758,
      "Arab": 0.6740504840647448,
      "Bangladesh": 0.6842640244786128,
      "Bengali": 0.7416740114308128,
      "Bible": 0.7759445507683053,
      "Brahmin": 0.8376199633332891,
      "Britain": 0.7325918338117745,
      "Cameroon": 0.8080672135527632,
      "Cape Verde": 0.713830756042477,
      "Columbian": 0.6740504840647448,
      "Crimean": 0.7592254042296177,
      "Ecuador": 0.7170118817172945,
      "Eriteria": 0.616935831319445,
      "Eritrean": 0.6206216158802703,
      "Ethiopia": 0.7170118817172945,
      "Ethiopian": 0.7549149868676283,
      "Ghanaian": 0.7690802370707283,
      "Hispanic": 0.7879311956428947,
      "Iranian": 0.670608279935473,
      "Iraq": 0.5964331462646254,
      "Italy": 0.7090191337850932,
      "Japanese": 0.5525397080801923,
      "Jordan": 0.6513548646660542,
      "Lebanon": 0.5926665999540697,
      "Morocco": 0.7839884653055251,
      "Muslim": 0.6992544210587585,
      "Norway": 0.734119526900183,
      "Norweigan": 0.6261241772283034,
      "Persian people": 0.8080672135527632,
      "Russian": 0.5851011542032312,
      "Saudi Arabian": 0.801935826331075,
      "Sierra Leon": 0.5640984800226174,
      "Somalia": 0.5945512642417856,
      "Spain": 0.6601723814146353,
      "Syria": 0.7606506526772884,
      "Ukrainian": 0.8469578427551038,
      "Vietnam": 0.6926419831347361,
      "Yemen": 0.7041601384435928,
      "assistant": 0.6279512168265432,
      "bartender": 0.7008948097542927,
      "butcher": 0.7577943712746406,
      "chemist": 0.7905303186696747,
      "chess player": 0.785308580887758,
      "civil servant": 0.8080672135527632,
      "commander": 0.8092759746879663,
      "delivery man": 0.689305616785446,
      "engineer": 0.7563575624625937,
      "entrepreneur": 0.8289388083214156,
      "football player": 0.6926419831347361,
      "gentlemen": 0.7041601384435928,
      "grandfather": 0.7371581626286834,
      "guitarist": 0.786622824583395,
      "herself": 0.7534666539902642,
      "himself": 0.7732163651347154,
      "historian": 0.7549149868676283,
      "male": 0.7217432062975979,
      "manager": 0.7217432062975979,
      "mathematician": 0.7943849604299823,
      "mommy": 0.672331699179286,
      "mother": 0.8152324893520001,
      "mover": 0.7431680086124811,
      "musician": 0.7154239957834733,
      "nurse": 0.7264256089751905,
      "performing artist": 0.7606506526772884,
      "physicist": 0.7549149868676283,
      "plumber": 0.7185943925708561,
      "policeman": 0.8056321889812553,
      "politician": 0.689305616785446,
      "prisoner": 0.79182107094258,
      "producer": 0.8187367931713698,
      "prosecutor": 0.7446563401437933,
      "psychologist": 0.7185943925708561,
      "researcher": 0.76768985390312,
      "schoolboy": 0.7648916107800069,
      "schoolgirl": 0.7446563401437933,
      "sister": 0.7943849604299823,
      "software developer": 0.8068526199774353,
      "tailor": 0.7233094689745646
    }
  }
}