model,phase,n_samples,target_tpr,target_fpr,accuracy,f1,auc,dpd,eod
awq,before,13736,0.0,0.0,0.4836924868957484,0.0,0.5134190596590167,0.0,0.0
awq,after,13736,0.0,0.0,0.4839108910891089,0.0008456659619450317,0.5134190596590167,0.0025,0.004918032786885246
