model,roc_gap_before,roc_gap_after
awq,0.0011061586495336297,5.402045176299378e-06
