model,phase,n_samples,target_tpr,target_fpr,accuracy,f1,auc,dpd,eod
awq,before,13736,0.0,0.0,0.4836924868957484,0.0,0.5134190596590167,0.0,0.0
awq,after,13736,0.0,0.0,0.4836924868957484,0.0,0.5134190596590167,0.0,0.0
