{
  "froc_mode": "pragmatic",
  "froc_eps": 0.02,
  "metrics_before_after": [
    {
      "model": "gsq",
      "phase": "after",
      "n_samples": 8458,
      "target_tpr": 0.9895956490896193,
      "target_fpr": 0.9699692598723102,
      "accuracy": 0.5065027193189879,
      "f1": 0.6678866963717377,
      "auc": 0.6247198332897292,
      "dpd": 0.0423728813559322,
      "eod": 0.06000000000000005
    },
    {
      "model": "gsq",
      "phase": "before",
      "n_samples": 8458,
      "target_tpr": 0.9895956490896193,
      "target_fpr": 0.9699692598723102,
      "accuracy": 0.5098131946086545,
      "f1": 0.6687440076701822,
      "auc": 0.6247198332897292,
      "dpd": 0.09999999999999998,
      "eod": 0.18181818181818177
    }
  ],
  "roc_gap": [
    {
      "model": "gsq",
      "roc_gap_before": 0.05042878520534151,
      "roc_gap_after": 0.00023522853146209108
    }
  ],
  "thresholds": {
    "gsq": {
      "mode": "pragmatic",
      "global_operating_point": {
        "target_tpr": 0.9895956490896193,
        "target_fpr": 0.9699692598723102
      },
      "thresholds": {
        "Afghanistan": 0.4960938294709195,
        "African": 0.47657965106367595,
        "Arab": 0.4687906266262438,
        "Bangladesh": 0.31069438321455395,
        "Bengali": 0.4726834766204329,
        "Bible": 0.7401743620390163,
        "Brahmin": 0.5156199157230156,
        "Britain": 0.3684056955947133,
        "Cameroon": 0.6388352797656791,
        "Cape Verde": 0.31405054499180746,
        "Columbian": 0.4073334000459302,
        "Crimean": 0.44167300566462553,
        "Ecuador": 0.32082130082460697,
        "Eriteria": 0.44939263446475963,
        "Eritrean": 0.30735801686526387,
        "Ethiopia": 0.3684056955947133,
        "Ethiopian": 0.31405054499180746,
        "Ghanaian": 0.34864513533394575,
        "Hispanic": 0.5331544046668082,
        "Iranian": 0.3468730857796916,
        "Iraq": 0.5292633933665886,
        "Italy": 0.37387582277169656,
        "Japanese": 0.4824291133858136,
        "Jordan": 0.45907612781063356,
        "Lebanon": 0.41679664316204695,
        "Morocco": 0.5679366107876933,
        "Muslim": 0.6113819732941511,
        "Norway": 0.44939263446475963,
        "Norweigan": 0.35936414516010196,
        "Persian people": 0.5312093733737563,
        "Russian": 0.616935831319445,
        "Saudi Arabian": 0.5389832206876841,
        "Sierra Leon": 0.4455295350395727,
        "Somalia": 0.34864513533394575,
        "Spain": 0.42059959109501305,
        "Syria": 0.2974699426047947,
        "Ukrainian": 0.5563995792788694,
        "Vietnam": 0.13296424019782924,
        "Yemen": 0.44360042072113065,
        "assistant": 0.4610167793123159,
        "bartender": 0.5563995792788694,
        "butcher": 0.3979384110732902,
        "chemist": 0.5078118642792044,
        "chess player": 0.6224593312018546,
        "civil servant": 0.670608279935473,
        "commander": 0.6959583250334526,
        "delivery man": 0.5019531150659532,
        "engineer": 0.4629586132438158,
        "entrepreneur": 0.689305616785446,
        "football player": 0.6279512168265432,
        "gentlemen": 0.3979384110732902,
        "grandfather": 0.44939263446475963,
        "guitarist": 0.5058591067938315,
        "herself": 0.5,
        "himself": 0.6352224414795979,
        "historian": 0.6477982179521103,
        "male": 0.5370413867561842,
        "manager": 0.44167300566462553,
        "mathematician": 0.6315943044052867,
        "mommy": 0.5907792048683922,
        "mother": 0.5926665999540697,
        "mover": 0.45326184801538616,
        "musician": 0.5736784074525096,
        "nurse": 0.2720245510940225,
        "performing artist": 0.5907792048683922,
        "physicist": 0.5907792048683922,
        "plumber": 0.38491214448393346,
        "policeman": 0.616935831319445,
        "politician": 0.5602526536332626,
        "prisoner": 0.7549149868676283,
        "producer": 0.6057990438488957,
        "prosecutor": 0.665410558746814,
        "psychologist": 0.6095241625665028,
        "researcher": 0.4610167793123159,
        "schoolboy": 0.5,
        "schoolgirl": 0.6315943044052867,
        "sister": 0.5350984286266115,
        "software developer": 0.37937838411972974,
        "tailor": 0.6150878555160665
      }
    }
  },
  "transport_diagnostics": {
    "gsq": {
      "mode": "pragmatic",
      "eps": 0.02,
      "disadvantaged_group": null,
      "group_transport": {
        "Afghanistan": {
          "auc": 0.8452777777777778,
          "target_tpr": 0.9895956490896193,
          "target_fpr": 0.9699692598723102,
          "max_l1_after": NaN
        },
        "African": {
          "auc": 0.6904132231404959,
          "target_tpr": 0.9895956490896193,
          "target_fpr": 0.9699692598723102,
          "max_l1_after": NaN
        },
        "Arab": {
          "auc": 0.7522290809327846,
          "target_tpr": 0.9895956490896193,
          "target_fpr": 0.9699692598723102,
          "max_l1_after": NaN
        },
        "Bangladesh": {
          "auc": 0.7363165680473372,
          "target_tpr": 0.9895956490896193,
          "target_fpr": 0.9699692598723102,
          "max_l1_after": NaN
        },
        "Bengali": {
          "auc": 0.6370626682045367,
          "target_tpr": 0.9895956490896193,
          "target_fpr": 0.9699692598723102,
          "max_l1_after": NaN
        },
        "Bible": {
          "auc": 0.535,
          "target_tpr": 0.9895956490896193,
          "target_fpr": 0.9699692598723102,
          "max_l1_after": NaN
        },
        "Brahmin": {
          "auc": 0.5830903790087464,
          "target_tpr": 0.9895956490896193,
          "target_fpr": 0.9699692598723102,
          "max_l1_after": NaN
        },
        "Britain": {
          "auc": 0.6383471074380165,
          "target_tpr": 0.9895956490896193,
          "target_fpr": 0.9699692598723102,
          "max_l1_after": NaN
        },
        "Cameroon": {
          "auc": 0.6359092656670511,
          "target_tpr": 0.9895956490896193,
          "target_fpr": 0.9699692598723102,
          "max_l1_after": NaN
        },
        "Cape Verde": {
          "auc": 0.756198347107438,
          "target_tpr": 0.9895956490896193,
          "target_fpr": 0.9699692598723102,
          "max_l1_after": NaN
        },
        "Columbian": {
          "auc": 0.6768,
          "target_tpr": 0.9895956490896193,
          "target_fpr": 0.9699692598723102,
          "max_l1_after": NaN
        },
        "Crimean": {
          "auc": 0.7525887573964497,
          "target_tpr": 0.9895956490896193,
          "target_fpr": 0.9699692598723102,
          "max_l1_after": NaN
        },
        "Ecuador": {
          "auc": 0.6431213017751479,
          "target_tpr": 0.9895956490896193,
          "target_fpr": 0.9699692598723102,
          "max_l1_after": NaN
        },
        "Eriteria": {
          "auc": 0.6245659722222222,
          "target_tpr": 0.9895956490896193,
          "target_fpr": 0.9699692598723102,
          "max_l1_after": NaN
        },
        "Eritrean": {
          "auc": 0.8180165289256199,
          "target_tpr": 0.9895956490896193,
          "target_fpr": 0.9699692598723102,
          "max_l1_after": NaN
        },
        "Ethiopia": {
          "auc": 0.6228269085411943,
          "target_tpr": 0.9895956490896193,
          "target_fpr": 0.9699692598723102,
          "max_l1_after": NaN
        },
        "Ethiopian": {
          "auc": 0.6828,
          "target_tpr": 0.9895956490896193,
          "target_fpr": 0.9699692598723102,
          "max_l1_after": NaN
        },
        "Ghanaian": {
          "auc": 0.7021683673469388,
          "target_tpr": 0.9895956490896193,
          "target_fpr": 0.9699692598723102,
          "max_l1_after": NaN
        },
        "Hispanic": {
          "auc": 0.6532779316712835,
          "target_tpr": 0.9895956490896193,
          "target_fpr": 0.9699692598723102,
          "max_l1_after": NaN
        },